Workbook

Sheet 양식
A1: 출고일 | B1: 주문번호(샤방넷) | C1: 주문번호(쇼핑몰) | D1: 쇼핑몰 | E1: 수령인 | F1: 택배사 | G1: 송장번호 | H1: 받는분연락처 | I1: 받는분기타연락처 | J1: 주소 | K1: 배송메세지 | L1: 상품명 | M1: 수량 | N1: 결제금액 | O1: 큐텐(한글상품명) | P1: 바코드 | Q1: 큐텐바코드 | R1: 상품코드 | S1: 쇼핑몰(참고용)
C2: 72748641 | E2: 인천4 | H2: =IFERROR(VLOOKUP(E2,배송지!A:C,3,0)," ") -> 070-4481-8846 | J2: =IFERROR(VLOOKUP(E2,배송지!A:C,2,0)," ") -> 인천 서구 오류동 1545-2 쿠팡 인천4물류센터 (택배수령담당자 : 070-4481-8846) | L2: =O2&" "&P2 -> 니트 스트링 보닛햇 메리몬 아이보리 | M2: 1 | N2: =INDEX('상품정보(1)'!R:R,MATCH(양식!O2,'상품정보(1)'!E:E,0)) -> #N/A | O2: 니트 스트링 보닛햇 메리몬 아이보리 | P2: =IFERROR(INDEX('상품정보(1)'!F:F,MATCH(양식!O2,'상품정보(1)'!E:E,0))," ") | Q2: =IFERROR(VLOOKUP(O2,상품코드!A:B,2,0)," ") -> WIW53I8CIVX | R2: =LEFT(Q2,8) -> WIW53I8C
C3: 72748641 | E3: 인천4 | H3: =IFERROR(VLOOKUP(E3,배송지!A:C,3,0)," ") -> 070-4481-8846 | J3: =IFERROR(VLOOKUP(E3,배송지!A:C,2,0)," ") -> 인천 서구 오류동 1545-2 쿠팡 인천4물류센터 (택배수령담당자 : 070-4481-8846) | L3: =O3&" "&P3 -> 앙고라 버킷햇 베이시 퍼플 | M3: 1 | N3: =INDEX('상품정보(1)'!R:R,MATCH(양식!O3,'상품정보(1)'!E:E,0)) -> #N/A | O3: 앙고라 버킷햇 베이시 퍼플 | P3: =IFERROR(INDEX('상품정보(1)'!F:F,MATCH(양식!O3,'상품정보(1)'!E:E,0))," ") | Q3: =IFERROR(VLOOKUP(O3,상품코드!A:B,2,0)," ") -> WIW60H9ZPPX | R3: =LEFT(Q3,8) -> WIW60H9Z
C4: 72748641 | E4: 인천4 | H4: =IFERROR(VLOOKUP(E4,배송지!A:C,3,0)," ") -> 070-4481-8846 | J4: =IFERROR(VLOOKUP(E4,배송지!A:C,2,0)," ") -> 인천 서구 오류동 1545-2 쿠팡 인천4물류센터 (택배수령담당자 : 070-4481-8846) | L4: =O4&" "&P4 -> 니트 보닛햇 허슬리아 블랙 | M4: 4 | N4: =INDEX('상품정보(1)'!R:R,MATCH(양식!O4,'상품정보(1)'!E:E,0)) -> #N/A | O4: 니트 보닛햇 허슬리아 블랙 | P4: =IFERROR(INDEX('상품정보(1)'!F:F,MATCH(양식!O4,'상품정보(1)'!E:E,0))," ") | Q4: =IFERROR(VLOOKUP(O4,상품코드!A:B,2,0)," ") -> WHFW607DBKX | R4: =LEFT(Q4,8) -> WHFW607D
C5: 72748641 | E5: 인천4 | H5: =IFERROR(VLOOKUP(E5,배송지!A:C,3,0)," ") -> 070-4481-8846 | J5: =IFERROR(VLOOKUP(E5,배송지!A:C,2,0)," ") -> 인천 서구 오류동 1545-2 쿠팡 인천4물류센터 (택배수령담당자 : 070-4481-8846) | L5: =O5&" "&P5 -> 헤링본 코듀로이 자수 버킷햇 로렌스 블랙 | M5: 1 | N5: =INDEX('상품정보(1)'!R:R,MATCH(양식!O5,'상품정보(1)'!E:E,0)) -> #N/A | O5: 헤링본 코듀로이 자수 버킷햇 로렌스 블랙 | P5: =IFERROR(INDEX('상품정보(1)'!F:F,MATCH(양식!O5,'상품정보(1)'!E:E,0))," ") | Q5: =IFERROR(VLOOKUP(O5,상품코드!A:B,2,0)," ") -> WIF31K7TBKX | R5: =LEFT(Q5,8) -> WIF31K7T
C6: 72748675 | E6: 이천2 | H6: =IFERROR(VLOOKUP(E6,배송지!A:C,3,0)," ") -> 070-5158-8142 | J6: =IFERROR(VLOOKUP(E6,배송지!A:C,2,0)," ") -> 경기도 이천시 마장면 이장로 329-38 (택배수령담당자 : 070-5158-8142) | L6: =O6&" "&P6 -> 니트 트루퍼 비니 헤이스 블랙 | M6: 1 | N6: =INDEX('상품정보(1)'!R:R,MATCH(양식!O6,'상품정보(1)'!E:E,0)) -> #N/A | O6: 니트 트루퍼 비니 헤이스 블랙 | P6: =IFERROR(INDEX('상품정보(1)'!F:F,MATCH(양식!O6,'상품정보(1)'!E:E,0))," ") | Q6: =IFERROR(VLOOKUP(O6,상품코드!A:B,2,0)," ") -> WIW47I8QBKX | R6: =LEFT(Q6,8) -> WIW47I8Q
C7: 72748725 | E7: 경기광주3 | H7: =IFERROR(VLOOKUP(E7,배송지!A:C,3,0)," ") -> 070-4732-1870 | J7: =IFERROR(VLOOKUP(E7,배송지!A:C,2,0)," ") -> 광주시 오포로 297번길 54 (택배수령담당자 : 070-4732-1870) | L7: =O7&" "&P7 -> 플로우 라인 배색 니트 버킷햇 피터리 그레이 | M7: 1 | N7: =INDEX('상품정보(1)'!R:R,MATCH(양식!O7,'상품정보(1)'!E:E,0)) -> #N/A | O7: 플로우 라인 배색 니트 버킷햇 피터리 그레이 | P7: =IFERROR(INDEX('상품정보(1)'!F:F,MATCH(양식!O7,'상품정보(1)'!E:E,0))," ") | Q7: =IFERROR(VLOOKUP(O7,상품코드!A:B,2,0)," ") -> WIF42H9ZGYX | R7: =LEFT(Q7,8) -> WIF42H9Z
C8: 72748725 | E8: 경기광주3 | H8: =IFERROR(VLOOKUP(E8,배송지!A:C,3,0)," ") -> 070-4732-1870 | J8: =IFERROR(VLOOKUP(E8,배송지!A:C,2,0)," ") -> 광주시 오포로 297번길 54 (택배수령담당자 : 070-4732-1870) | L8: =O8&" "&P8 -> 니트 보닛햇 허슬리아 오트밀 | M8: 3 | N8: =INDEX('상품정보(1)'!R:R,MATCH(양식!O8,'상품정보(1)'!E:E,0)) -> #N/A | O8: 니트 보닛햇 허슬리아 오트밀 | P8: =IFERROR(INDEX('상품정보(1)'!F:F,MATCH(양식!O8,'상품정보(1)'!E:E,0))," ") | Q8: =IFERROR(VLOOKUP(O8,상품코드!A:B,2,0)," ") -> WHFW607DOTX | R8: =LEFT(Q8,8) -> WHFW607D
C9: 72748778 | E9: 인천28 | H9: =IFERROR(VLOOKUP(E9,배송지!A:C,3,0)," ") -> 070-4741-9123 | J9: =IFERROR(VLOOKUP(E9,배송지!A:C,2,0)," ") -> 인천광역시 서구 북항로 120번길 55, A동 7~9F (택배수령담당자 : 070-4741-9123) | L9: =O9&" "&P9 -> 니트 보닛햇 허슬리아 블랙 | M9: 1 | N9: =INDEX('상품정보(1)'!R:R,MATCH(양식!O9,'상품정보(1)'!E:E,0)) -> #N/A | O9: 니트 보닛햇 허슬리아 블랙 | P9: =IFERROR(INDEX('상품정보(1)'!F:F,MATCH(양식!O9,'상품정보(1)'!E:E,0))," ") | Q9: =IFERROR(VLOOKUP(O9,상품코드!A:B,2,0)," ") -> WHFW607DBKX | R9: =LEFT(Q9,8) -> WHFW607D
C10: 72748798 | E10: 이천3 | H10: =IFERROR(VLOOKUP(E10,배송지!A:C,3,0)," ") -> 070-5158-8147 | J10: =IFERROR(VLOOKUP(E10,배송지!A:C,2,0)," ") -> 경기도 이천시 대월면 대장로 190 3층 (택배수령담당자 : 070-5158-8147) | L10: =O10&" "&P10 -> 플로우 라인 배색 니트 버킷햇 피터리 블랙 | M10: 3 | N10: =INDEX('상품정보(1)'!R:R,MATCH(양식!O10,'상품정보(1)'!E:E,0)) -> #N/A | O10: 플로우 라인 배색 니트 버킷햇 피터리 블랙 | P10: =IFERROR(INDEX('상품정보(1)'!F:F,MATCH(양식!O10,'상품정보(1)'!E:E,0))," ") | Q10: =IFERROR(VLOOKUP(O10,상품코드!A:B,2,0)," ") -> WIF42H9ZBKX | R10: =LEFT(Q10,8) -> WIF42H9Z
C11: 72793619 | E11: 창원1 | H11: =IFERROR(VLOOKUP(E11,배송지!A:C,3,0)," ") -> 070-4420-4468 | J11: =IFERROR(VLOOKUP(E11,배송지!A:C,2,0)," ") -> 경상남도 창원시 진해구 두동로 33 A동 5층 (택배수령담당자 : 070-4420-4468) | L11: =O11&" "&P11 -> 니트 보닛햇 허슬리아 블랙 | M11: 9 | N11: =INDEX('상품정보(1)'!R:R,MATCH(양식!O11,'상품정보(1)'!E:E,0)) -> #N/A | O11: 니트 보닛햇 허슬리아 블랙 | P11: =IFERROR(INDEX('상품정보(1)'!F:F,MATCH(양식!O11,'상품정보(1)'!E:E,0))," ") | Q11: =IFERROR(VLOOKUP(O11,상품코드!A:B,2,0)," ") -> WHFW607DBKX | R11: =LEFT(Q11,8) -> WHFW607D
C12: 72793653 | E12: 인천30 | H12: =IFERROR(VLOOKUP(E12,배송지!A:C,3,0)," ") -> 070-5159-0578 | J12: =IFERROR(VLOOKUP(E12,배송지!A:C,2,0)," ") -> 인천광역시 서구 거북로13, 5층 (택배수령담당자 : 070-5159-0578) | L12: =O12&" "&P12 -> 앙고라 버킷햇 베이시 퍼플 | M12: 1 | N12: =INDEX('상품정보(1)'!R:R,MATCH(양식!O12,'상품정보(1)'!E:E,0)) -> #N/A | O12: 앙고라 버킷햇 베이시 퍼플 | P12: =IFERROR(INDEX('상품정보(1)'!F:F,MATCH(양식!O12,'상품정보(1)'!E:E,0))," ") | Q12: =IFERROR(VLOOKUP(O12,상품코드!A:B,2,0)," ") -> WIW60H9ZPPX | R12: =LEFT(Q12,8) -> WIW60H9Z
C13: 72793736 | E13: 인천4 | H13: =IFERROR(VLOOKUP(E13,배송지!A:C,3,0)," ") -> 070-4481-8846 | J13: =IFERROR(VLOOKUP(E13,배송지!A:C,2,0)," ") -> 인천 서구 오류동 1545-2 쿠팡 인천4물류센터 (택배수령담당자 : 070-4481-8846) | L13: =O13&" "&P13 -> 니트 보닛햇 허슬리아 블랙 | M13: 1 | N13: =INDEX('상품정보(1)'!R:R,MATCH(양식!O13,'상품정보(1)'!E:E,0)) -> #N/A | O13: 니트 보닛햇 허슬리아 블랙 | P13: =IFERROR(INDEX('상품정보(1)'!F:F,MATCH(양식!O13,'상품정보(1)'!E:E,0))," ") | Q13: =IFERROR(VLOOKUP(O13,상품코드!A:B,2,0)," ") -> WHFW607DBKX | R13: =LEFT(Q13,8) -> WHFW607D
... C15: 72801494 | E15: 대구2 | H15: =IFERROR(VLOOKUP(E15,배송지!A:C,3,0)," ") -> 070-4915-9269 | J15: =IFERROR(VLOOKUP(E15,배송지!A:C,2,0)," ") -> 경상북도 칠곡군 지천면 연화리 700번지 영남복함물류 9동 쿠팡 제6물류센터 (택배수령담당자 : 070-4915-9269) | L15: =O15&" "&P15 -> 니트 보닛햇 허슬리아 블랙 | M15: 1 | N15: =INDEX('상품정보(1)'!R:R,MATCH(양식!O15,'상품정보(1)'!E:E,0)) -> #N/A | O15: 니트 보닛햇 허슬리아 블랙 | P15: =IFERROR(INDEX('상품정보(1)'!F:F,MATCH(양식!O15,'상품정보(1)'!E:E,0))," ") | Q15: =IFERROR(VLOOKUP(O15,상품코드!A:B,2,0)," ") -> WHFW607DBKX | R15: =LEFT(Q15,8) -> WHFW607D

Sheet SUMMARY
A1: NO | B1: 상품명 | C1: 수량 | D1: 바코드 | E1: 바코드 필요수량 | F1: 합계
A2: 1 | B2: =IFERROR(발주서!L2, " ") | C2: =IFERROR(발주서!M2," ") -> 0 | D2: =발주서!P2
A3: 2 | B3: =IFERROR(발주서!L3, " ") | C3: =IFERROR(발주서!M3," ") -> 0 | D3: =발주서!P3
A4: 3 | B4: =IFERROR(발주서!L4, " ") | C4: =IFERROR(발주서!M4," ") -> 0 | D4: =발주서!P4
A5: 4 | B5: =IFERROR(발주서!L5, " ") | C5: =IFERROR(발주서!M5," ") -> 0 | D5: =발주서!P5
A6: 5 | B6: =IFERROR(발주서!L6, " ") | C6: =IFERROR(발주서!M6," ") -> 0 | D6: =발주서!P6
A7: 6 | B7: =IFERROR(발주서!L7, " ") | C7: =IFERROR(발주서!M7," ") -> 0 | D7: =발주서!P7
A8: 7 | B8: =IFERROR(발주서!L8, " ") | C8: =IFERROR(발주서!M8," ") -> 0 | D8: =발주서!P8
A9: 8 | B9: =IFERROR(발주서!L9, " ") | C9: =IFERROR(발주서!M9," ") -> 0 | D9: =발주서!P9
A10: 9 | B10: =IFERROR(발주서!L10, " ") | C10: =IFERROR(발주서!M10," ") -> 0 | D10: =발주서!P10
A11: 10 | B11: =IFERROR(발주서!L11, " ") | C11: =IFERROR(발주서!M11," ") -> 0 | D11: =발주서!P11
A12: 11 | B12: =IFERROR(발주서!L12, " ") | C12: =IFERROR(발주서!M12," ") -> 0 | D12: =발주서!P12
A13: 12 | B13: =IFERROR(발주서!L13, " ") | C13: =IFERROR(발주서!M13," ") -> 0 | D13: =발주서!P13
... A254: 253 | B254: =IFERROR(발주서!L254, " ") | C254: =IFERROR(발주서!M254," ") -> 0 | D254: =발주서!P254
A255: 합계 | C255: =SUM(C2:C254) -> 0 | E255: =SUM(E2:E254) -> 0 | F255: =SUM(F2:F254) -> 0

Sheet 발주서
A1: 출고일 | B1: 주문번호(사방넷) | C1: 주문번호(쇼핑몰) | D1: 쇼핑몰 | E1: 수령인 | F1: 택배사 | G1: 운송장번호 | H1: 받는분연락처 | I1: 받는분기타연락처 | J1: 주소 | K1: 배송메세지 | L1: 상품명 | M1: 수량 | N1: 결제금액 | O1: 큐텐(한글상품명) | P1: 바코드 | Q1: 큐텐바코드 | R1: 상품코드 | S1: 쇼핑몰(참고용) | T1: 상품컬러코드 | U1: 상품명(수집) | V1: 옵션(수집) | W1: 주문자명 | X1: 구분
H2: =IFERROR(VLOOKUP(E2,배송지!A:C,3,0)," ") | J2: =IFERROR(VLOOKUP(E2,배송지!A:C,2,0)," ") | L2: =O2&" "&P2 | N2: =IFERROR(INDEX('상품정보(1)'!R:R,MATCH(발주서!P2,'상품정보(1)'!F:F,0))," ") | P2: =IFERROR(INDEX('상품정보(1)'!F:F,MATCH(발주서!O2,'상품정보(1)'!E:E,0))," ") | R2: =LEFT(T2,8) | T2: =IF(Q2="","",Q2)
H3: =IFERROR(VLOOKUP(E3,배송지!A:C,3,0)," ") | J3: =IFERROR(VLOOKUP(E3,배송지!A:C,2,0)," ") | L3: =O3&" "&P3 | N3: =IFERROR(INDEX('상품정보(1)'!R:R,MATCH(발주서!P3,'상품정보(1)'!F:F,0))," ") | P3: =IFERROR(INDEX('상품정보(1)'!F:F,MATCH(발주서!O3,'상품정보(1)'!E:E,0))," ") | R3: =LEFT(T3,8) | T3: =IF(Q3="","",Q3)
H4: =IFERROR(VLOOKUP(E4,배송지!A:C,3,0)," ") | J4: =IFERROR(VLOOKUP(E4,배송지!A:C,2,0)," ") | L4: =O4&" "&P4 | N4: =IFERROR(INDEX('상품정보(1)'!R:R,MATCH(발주서!P4,'상품정보(1)'!F:F,0))," ") | P4: =IFERROR(INDEX('상품정보(1)'!F:F,MATCH(발주서!O4,'상품정보(1)'!E:E,0))," ") | R4: =LEFT(T4,8) | T4: =IF(Q4="","",Q4)
H5: =IFERROR(VLOOKUP(E5,배송지!A:C,3,0)," ") | J5: =IFERROR(VLOOKUP(E5,배송지!A:C,2,0)," ") | L5: =O5&" "&P5 | N5: =IFERROR(INDEX('상품정보(1)'!R:R,MATCH(발주서!P5,'상품정보(1)'!F:F,0))," ") | P5: =IFERROR(INDEX('상품정보(1)'!F:F,MATCH(발주서!O5,'상품정보(1)'!E:E,0))," ") | R5: =LEFT(T5,8) | T5: =IF(Q5="","",Q5)
H6: =IFERROR(VLOOKUP(E6,배송지!A:C,3,0)," ") | J6: =IFERROR(VLOOKUP(E6,배송지!A:C,2,0)," ") | L6: =O6&" "&P6 | N6: =IFERROR(INDEX('상품정보(1)'!R:R,MATCH(발주서!P6,'상품정보(1)'!F:F,0))," ") | P6: =IFERROR(INDEX('상품정보(1)'!F:F,MATCH(발주서!O6,'상품정보(1)'!E:E,0))," ") | R6: =LEFT(T6,8) | T6: =IF(Q6="","",Q6)
H7: =IFERROR(VLOOKUP(E7,배송지!A:C,3,0)," ") | J7: =IFERROR(VLOOKUP(E7,배송지!A:C,2,0)," ") | L7: =O7&" "&P7 | N7: =IFERROR(INDEX('상품정보(1)'!R:R,MATCH(발주서!P7,'상품정보(1)'!F:F,0))," ") | P7: =IFERROR(INDEX('상품정보(1)'!F:F,MATCH(발주서!O7,'상품정보(1)'!E:E,0))," ") | R7: =LEFT(T7,8) | T7: =IF(Q7="","",Q7)
H8: =IFERROR(VLOOKUP(E8,배송지!A:C,3,0)," ") | J8: =IFERROR(VLOOKUP(E8,배송지!A:C,2,0)," ") | L8: =O8&" "&P8 | N8: =IFERROR(INDEX('상품정보(1)'!R:R,MATCH(발주서!P8,'상품정보(1)'!F:F,0))," ") | P8: =IFERROR(INDEX('상품정보(1)'!F:F,MATCH(발주서!O8,'상품정보(1)'!E:E,0))," ") | R8: =LEFT(T8,8) | T8: =IF(Q8="","",Q8)
H9: =IFERROR(VLOOKUP(E9,배송지!A:C,3,0)," ") | J9: =IFERROR(VLOOKUP(E9,배송지!A:C,2,0)," ") | L9: =O9&" "&P9 | N9: =IFERROR(INDEX('상품정보(1)'!R:R,MATCH(발주서!P9,'상품정보(1)'!F:F,0))," ") | P9: =IFERROR(INDEX('상품정보(1)'!F:F,MATCH(발주서!O9,'상품정보(1)'!E:E,0))," ") | R9: =LEFT(T9,8) | T9: =IF(Q9="","",Q9)
H10: =IFERROR(VLOOKUP(E10,배송지!A:C,3,0)," ") | J10: =IFERROR(VLOOKUP(E10,배송지!A:C,2,0)," ") | L10: =O10&" "&P10 | N10: =IFERROR(INDEX('상품정보(1)'!R:R,MATCH(발주서!P10,'상품정보(1)'!F:F,0))," ") | P10: =IFERROR(INDEX('상품정보(1)'!F:F,MATCH(발주서!O10,'상품정보(1)'!E:E,0))," ") | R10: =LEFT(T10,8) | T10: =IF(Q10="","",Q10)
H11: =IFERROR(VLOOKUP(E11,배송지!A:C,3,0)," ") | J11: =IFERROR(VLOOKUP(E11,배송지!A:C,2,0)," ") | L11: =O11&" "&P11 | N11: =IFERROR(INDEX('상품정보(1)'!R:R,MATCH(발주서!P11,'상품정보(1)'!F:F,0))," ") | P11: =IFERROR(INDEX('상품정보(1)'!F:F,MATCH(발주서!O11,'상품정보(1)'!E:E,0))," ") | R11: =LEFT(T11,8) | T11: =IF(Q11="","",Q11)
H12: =IFERROR(VLOOKUP(E12,배송지!A:C,3,0)," ") | J12: =IFERROR(VLOOKUP(E12,배송지!A:C,2,0)," ") | L12: =O12&" "&P12 | N12: =IFERROR(INDEX('상품정보(1)'!R:R,MATCH(발주서!P12,'상품정보(1)'!F:F,0))," ") | P12: =IFERROR(INDEX('상품정보(1)'!F:F,MATCH(발주서!O12,'상품정보(1)'!E:E,0))," ") | R12: =LEFT(T12,8) | T12: =IF(Q12="","",Q12)
H13: =IFERROR(VLOOKUP(E13,배송지!A:C,3,0)," ") | J13: =IFERROR(VLOOKUP(E13,배송지!A:C,2,0)," ") | L13: =O13&" "&P13 | N13: =IFERROR(INDEX('상품정보(1)'!R:R,MATCH(발주서!P13,'상품정보(1)'!F:F,0))," ") | P13: =IFERROR(INDEX('상품정보(1)'!F:F,MATCH(발주서!O13,'상품정보(1)'!E:E,0))," ") | R13: =LEFT(T13,8) | T13: =IF(Q13="","",Q13)
... H327: =IFERROR(VLOOKUP(E327,배송지!A:C,3,0)," ") | J327: =IFERROR(VLOOKUP(E327,배송지!A:C,2,0)," ") | L327: =O327&" "&P327 | N327: =IFERROR(INDEX('상품정보(1)'!R:R,MATCH(발주서!P327,'상품정보(1)'!F:F,0))," ") | P327: =IFERROR(INDEX('상품정보(1)'!F:F,MATCH(발주서!O327,'상품정보(1)'!E:E,0))," ") | R327: =LEFT(T327,8) | T327: =IF(Q327="","",Q327)

Sheet 배송지
A1: 수령인 | B1: 주소 | C1: 연락처
A2: 이천2 | B2: 경기도 이천시 마장면 이장로 329-38 (택배수령담당자 : 070-5158-8142) | C2: 070-5158-8142
A3: 이천3 | B3: 경기도 이천시 대월면 대장로 190 3층 (택배수령담당자 : 070-5158-8147) | C3: 070-5158-8147
A4: 인천16 | B4: 인천광역시 중구 항동7가 104-1 (택배수령담당자 : 070-4754-0751) | C4: 070-4754-0751
A5: 인천28 | B5: 인천광역시 서구 북항로 120번길 55, A동 7~9F (택배수령담당자 : 070-4741-9123) | C5: 070-4741-9123
A6: 이천4 | B6: 경기도 이천시 부발읍 송온리 442 2층 (택배수령담당자 : 070-5154-1564) | C6: 070-5154-1564
A7: 경기광주5 | B7: 경기도 광주시 오포로297번길 35 3층 (택배수령담당자 : 070-4786-7034) | C7: 070-4786-7034
A8: 대구3 | B8: 대구광역시 달성군 구지면 국가산단대로46길 113 (택배수령담당자 : 070-5161-9378) | C8: 070-5161-9378
A9: 안성8 | B9: 경기도 안성시 일죽면 능국리 23-10, 836-4 우회전 (택배수령담당자 : 070-5158-0095, 070-5154-6131) | C9: 070-5158-0095
A10: 경기광주3 | B10: 광주시 오포로 297번길 54 (택배수령담당자 : 070-4732-1870) | C10: 070-4732-1870
A11: 이천1 | B11: 경기도 이천시 부발읍 중부대로 1763번길 80-7 (택배수령담당자 : 070-4112-5205) | C11: 070-4112-5205
A12: 대구8 | B12: 대구광역시 달성군 구지면 국가산단대로46길 113, 1A-04도크 (택배수령담당자 : 070-4756-9603) | C12: 070-4756-9603
... A46: 천안6 | B46: 충남 천안시 서북구 입장면 용정도하길 181 4F (택배수령담당자 : 070-4763-7951) | C46: 070-4763-7951
A47: 용인1 | B47: 경기도 용인시 처인구 백암면 백봉리 488 (경기도 용인시 처인구 백암면 백봉로 295번길 60)(택배수령담당자 :+827042045121) | C47: 827042045121
A48: 인천42 | B48: 인천광역시 서구 봉수대로 370, 쿠팡42센터(A동) 7층 710(택배수령담당자 :+827047472984) | C48: 070-4747-2984
A49: 서울 | B49: 서울특별시 송파구 송파대로 55 E동 쿠팡서울물류센터 1층 10번 Dock(택배수령담당자 :+827050386954) | C49: 070-5038-6954
A50: 안산3 | B50: 경기도 안산시 단원구 시화호수로 835, 3~4F(택배수령담당자 :+827047548771) | C50: 070-4754-8771
A51: 창원3 | B51: 경상남도 창원시 진해구 두동로 34 302번 도크(택배수령담당자 :+827051549950) | C51: 070-5154-9950
A52: 천안2 | B52: 충남 천안시 서북구 새터길 5(택배수령담당자 :+827076824286) | C52: 070-7682-4286
A53: 인천42 | B53: 인천광역시 서구 봉수대로 370 팔렛트럭은 1층접수처경유, A710도크 일반 택배하차구역(빨간색 팔렛트)(택배수령담당자 :+827047472984) | C53: 070-4747-2984
A54: 인천45 | B54: 인천 미추홀구 도화동 1042, 8층 A7, A8번 도크 앞(택배수령담당자 :+827051723290) | C54: 070-5172-3290
A55: 호법 | B55: 경기도 이천시 매곡리 977-5(택배수령담당자 :+827051546046) | C55: 070-5154-6046

Sheet 상품코드
A1: 상품명 조합 | B1: 상품코드 조합 | C1: No | D1: 상품코드 | E1: 상품명 | F1: 구분 | G1: 거래처코드 | H1: 거래처명 | I1: 창고위치 | J1: 생산국가 | K1: TAG가 | L1: 현재가 | M1: 사전원가 | N1: 평균원가 | O1: 디자이너 | P1: 컬라코드 | Q1: 컬라명

Sheet 상품정보2
A1: SKU ID | B1: 요청 | C1: 상품명 | D1: 바코드 | E1: 발주가능상태 | F1: 담당 BM | G1: 발주담당자 | H1: 길이 (mm) | I1: 넓이 (mm) | J1: 높이 (mm) | K1: 최소구매수량 (MOQ) | L1: 중량 (g) | M1: Box 바코드 | N1: Inner Case 내 SKU 수량 | O1: Box 내 총수량 | P1: Pallet 1단의 SKU 수량 | Q1: Pallet 내 SKU 수량

Sheet 상품정보(1)
A1: 발주번호 | B1: 발주유형 | C1: 발주현황 | D1: SKU ID | E1: SKU 이름 | F1: SKU Barcode | G1: 물류센터 | H1: 입고예정일 | I1: 발주일 | J1: 발주수량 | K1: 확정수량 | L1: 입고수량 | M1: 매입유형 | N1: 면세여부 | O1: 생산연도 | P1: 제조일자 | Q1: 유통(소비)기한 | R1: 매입가 | S1: 공급가 | T1: 부가세 | U1: 총발주 매입금 | V1: 입고금액
